{"cameraMode":{"drawMode":0,"name":"Shaded","section":"Shading Mode"},"sceneLighting":true,"audioPlay":false,"sceneViewState":{"showFog":true,"showMaterialUpdate":false,"showSkybox":true,"showFlares":true,"showImageEffects":true,"showParticleSystems":true,"showVisualEffectGraphs":true,"m_FxEnabled":true},"in2DMode":false,"pivot":{"x":8.560822486877442,"y":0.08471488952636719,"z":-3.357013702392578},"rotation":{"x":-0.024014266207814218,"y":0.9690786600112915,"z":-0.22211423516273499,"w":-0.10477432608604431},"size":20.22369956970215,"orthographic":false}